CDR3,V,J,labels
CASSIRSSYEQYF,TRBV19,TRBJ2-7,InfluenzaA M GILGFVFTL
CASSIRSAYEQYF,TRBV19,TRBJ2-7,InfluenzaA M GILGFVFTL
CASSIFGTSLQFF,TRBV19,TRBJ2-1,InfluenzaA M GILGFVFTL
CASSIRGAETQYF,TRBV19,TRBJ2-5,InfluenzaA M GILGFVFTL
CSARDTSGSYNEQFF,TRBV20-1,TRBJ2-1,InfluenzaA M GILGFVFTL
CASSIRSADTQYF,TRBV19,TRBJ2-3,InfluenzaA M GILGFVFTL
CASSIRSSQPQHF,TRBV19,TRBJ1-5,InfluenzaA M GILGFVFTL
CASSIRSAYEQYF,TRBV19,TRBJ2-7,InfluenzaA M GILGFVFTL
CASSIRSSYEQYF,TRBV19,TRBJ2-7,InfluenzaA M GILGFVFTL
CASSGRSAGELFF,TRBV19,TRBJ2-2,InfluenzaA M GILGFVFTL
CASSIRSGYEQYF,TRBV19,TRBJ2-7,InfluenzaA M GILGFVFTL
CASSQERGGKWAYEQYF,TRBV4-3,TRBJ2-7,InfluenzaA M GILGFVFTL
CSANSDRVSYNEQFF,TRBV20-1,TRBJ2-1,InfluenzaA M GILGFVFTL
CASSIRSSYEQYF,TRBV19,TRBJ2-7,InfluenzaA M GILGFVFTL
CASSIVSNQPQHF,TRBV19,TRBJ1-5,InfluenzaA M GILGFVFTL
CASSSPKGAKYEQYF,TRBV28,TRBJ2-7,InfluenzaA M GILGFVFTL
CASSIRASNEQFF,TRBV19,TRBJ2-1,InfluenzaA M GILGFVFTL
CASSIHSTDTQYF,TRBV19,TRBJ2-3,InfluenzaA M GILGFVFTL
CASSVRSSYEQYF,TRBV19,TRBJ2-7,InfluenzaA M GILGFVFTL
CASSKQTGTGNYGYTF,TRBV6-5,TRBJ1-2,InfluenzaA M GILGFVFTL
CASSLLAGPYNEQFF,TRBV19,TRBJ2-1,InfluenzaA M GILGFVFTL
CASSPTLQGPLGETQYF,TRBV4-1,TRBJ2-5,InfluenzaA M GILGFVFTL
CASSFRATDTQYF,TRBV19,TRBJ2-3,InfluenzaA M GILGFVFTL
CASSIRSAYEQYF,TRBV19,TRBJ2-7,InfluenzaA M GILGFVFTL
CASSYNVRDGDYGYTF,TRBV6-5,TRBJ1-2,InfluenzaA M GILGFVFTL
CASSIRSSYEQYF,TRBV19,TRBJ2-7,InfluenzaA M GILGFVFTL
CASSPRSGNEQFF,TRBV19,TRBJ2-1,InfluenzaA M GILGFVFTL
CASSSRSSYEQYF,TRBV19,TRBJ2-7,InfluenzaA M GILGFVFTL
CASSGRSTDTQYF,TRBV19,TRBJ2-3,InfluenzaA M GILGFVFTL
CASSIRSSYEQYF,TRBV19,TRBJ2-7,InfluenzaA M GILGFVFTL
CASSSRSANEQFF,TRBV19,TRBJ2-1,InfluenzaA M GILGFVFTL
CASSVRSSYEQYF,TRBV19,TRBJ2-7,InfluenzaA M GILGFVFTL
CASSIRSTGELFF,TRBV19,TRBJ2-2,InfluenzaA M GILGFVFTL
CASSIRSSYEQFF,TRBV19,TRBJ2-1,InfluenzaA M GILGFVFTL
CASSISSTGELFF,TRBV19,TRBJ2-2,InfluenzaA M GILGFVFTL
CASSQMTGLNTEAFF,TRBV28,TRBJ1-1,InfluenzaA M GILGFVFTL
CASSGRAGGELFF,TRBV19,TRBJ2-2,InfluenzaA M GILGFVFTL
CASSLRSSYEQYF,TRBV19,TRBJ2-7,InfluenzaA M GILGFVFTL
CASSMRSTDTQYF,TRBV19,TRBJ2-3,InfluenzaA M GILGFVFTL
CASSQDKGRAYEQYF,TRBV4-1,TRBJ2-7,InfluenzaA M GILGFVFTL
CASSSRSSYEQYF,TRBV19,TRBJ2-7,InfluenzaA M GILGFVFTL
CASSIRSAYEQYF,TRBV19,TRBJ2-7,InfluenzaA M GILGFVFTL
CASSIRSSVEAFF,TRBV19,TRBJ1-1,InfluenzaA M GILGFVFTL
CASSTRAANEQFF,TRBV19,TRBJ2-1,InfluenzaA M GILGFVFTL
CASSFRSTDTQYF,TRBV19,TRBJ2-3,InfluenzaA M GILGFVFTL
CASSLYSNQPQHF,TRBV19,TRBJ1-5,InfluenzaA M GILGFVFTL
CASSPPPGAVETQYF,TRBV19,TRBJ2-5,InfluenzaA M GILGFVFTL
CASSIFAHSSQPQHF,TRBV19,TRBJ1-5,InfluenzaA M GILGFVFTL
CASSIRSSNEQFF,TRBV19,TRBJ2-1,InfluenzaA M GILGFVFTL
CASSIYSNQPQHF,TRBV19,TRBJ1-5,InfluenzaA M GILGFVFTL
CASSARSSGELFF,TRBV19,TRBJ2-2,InfluenzaA M GILGFVFTL
CASSIRSSYEQYF,TRBV19,TRBJ2-7,InfluenzaA M GILGFVFTL
CASSIRSSYEQYF,TRBV19,TRBJ2-7,InfluenzaA M GILGFVFTL
CASSPRSTDTQYF,TRBV19,TRBJ2-3,InfluenzaA M GILGFVFTL
CAWSVQGGTEAFF,TRBV30,TRBJ1-1,InfluenzaA M GILGFVFTL
CASSPRSGGEQFF,TRBV19,TRBJ2-1,InfluenzaA M GILGFVFTL
CASSMRSTDTQYF,TRBV19,TRBJ2-3,InfluenzaA M GILGFVFTL
CASSIRSSYEQYF,TRBV19,TRBJ2-7,InfluenzaA M GILGFVFTL
CASSIRASYEQYF,TRBV19,TRBJ2-7,InfluenzaA M GILGFVFTL
CASSIRSSGELFF,TRBV19,TRBJ2-2,InfluenzaA M GILGFVFTL
CASSVEDYGSVSYGYTF,TRBV9,TRBJ1-2,InfluenzaA M GILGFVFTL
CASSTRSSYEQYF,TRBV19,TRBJ2-7,InfluenzaA M GILGFVFTL
CASSIGYYGYTF,TRBV19,TRBJ1-2,InfluenzaA M GILGFVFTL
CASSQGAYGYTF,TRBV19,TRBJ1-2,InfluenzaA M GILGFVFTL
CASSIRAAYEQYF,TRBV19,TRBJ2-7,InfluenzaA M GILGFVFTL
CASSTRAGDTQYF,TRBV19,TRBJ2-3,InfluenzaA M GILGFVFTL
CASSTRSSYEQYF,TRBV19,TRBJ2-7,InfluenzaA M GILGFVFTL
CASSGYSNQPQHF,TRBV19,TRBJ1-5,InfluenzaA M GILGFVFTL
CASSSRATGELFF,TRBV19,TRBJ2-2,InfluenzaA M GILGFVFTL
CASTTGTVNTEAFF,TRBV6-6,TRBJ1-1,InfluenzaA M GILGFVFTL
CASSTRSTDTQYF,TRBV19,TRBJ2-3,InfluenzaA M GILGFVFTL
CASSIRSTDTQYF,TRBV19,TRBJ2-3,InfluenzaA M GILGFVFTL
CASSIGAHGYTF,TRBV19,TRBJ1-2,InfluenzaA M GILGFVFTL
CATGFPYEQYF,TRBV19,TRBJ2-7,InfluenzaA M GILGFVFTL
CASSLGTGPYNEQFF,TRBV13,TRBJ2-1,InfluenzaA M GILGFVFTL
CASSIFGGQPQHF,TRBV19,TRBJ1-5,InfluenzaA M GILGFVFTL
CASSLRSTGELFF,TRBV19,TRBJ2-2,InfluenzaA M GILGFVFTL
CASSIRSSYEQYF,TRBV19,TRBJ2-7,InfluenzaA M GILGFVFTL
CASSIRSAYEQYF,TRBV19,TRBJ2-7,InfluenzaA M GILGFVFTL
CASRIDSNQPQHF,TRBV19,TRBJ1-5,InfluenzaA M GILGFVFTL
CASSIRSSYEQYF,TRBV19,TRBJ2-7,InfluenzaA M GILGFVFTL
CASSGRSTDTQYF,TRBV19,TRBJ2-3,InfluenzaA M GILGFVFTL
CASSPLSLGSPYNEQFF,TRBV5-6,TRBJ2-1,InfluenzaA M GILGFVFTL
CASSIRSSYEQYF,TRBV19,TRBJ2-7,InfluenzaA M GILGFVFTL
CASSMRSGETQYF,TRBV19,TRBJ2-5,InfluenzaA M GILGFVFTL
CASSIRSAYEQYF,TRBV19,TRBJ2-7,InfluenzaA M GILGFVFTL
CASSILSQQPQHF,TRBV19,TRBJ1-5,InfluenzaA M GILGFVFTL
CASSQDPGYEQYF,TRBV4-1,TRBJ2-7,InfluenzaA M GILGFVFTL
CASSMFATDTQYF,TRBV19,TRBJ2-3,InfluenzaA M GILGFVFTL
CASSIRSSYEQYF,TRBV19,TRBJ2-7,InfluenzaA M GILGFVFTL
CASSFRSSYEQYF,TRBV19,TRBJ2-7,InfluenzaA M GILGFVFTL
CASSQVLGLSVTGELFF,TRBV6-3,TRBJ2-2,InfluenzaA M GILGFVFTL
CASSTRAAYEQYF,TRBV19,TRBJ2-7,InfluenzaA M GILGFVFTL
CASSAGQGLPYEQYF,TRBV5-1,TRBJ2-7,InfluenzaA M GILGFVFTL
CASSPRSATGAFF,TRBV19,TRBJ1-1,InfluenzaA M GILGFVFTL
CASSTRSTDTQYF,TRBV19,TRBJ2-3,InfluenzaA M GILGFVFTL
CASMVGQGTGELFF,TRBV6-5,TRBJ2-2,InfluenzaA M GILGFVFTL
CASSIRSTDTQYF,TRBV19,TRBJ2-3,InfluenzaA M GILGFVFTL
CASSIRSSYEQYF,TRBV19,TRBJ2-7,InfluenzaA M GILGFVFTL
CASSYGIAGKETQYF,TRBV7-8,TRBJ2-5,InfluenzaA M GILGFVFTL
CASSLAGEVNEQFF,TRBV7-6,TRBJ2-1,InfluenzaA M GILGFVFTL
CASSQDEPYEQYF,TRBV4-1,TRBJ2-7,InfluenzaA M GILGFVFTL
CASSFGVYEQYF,TRBV12-3,TRBJ2-7,InfluenzaA M GILGFVFTL
CASSGRSADTQYF,TRBV19,TRBJ2-3,InfluenzaA M GILGFVFTL
CASSGRATGELFF,TRBV19,TRBJ2-2,InfluenzaA M GILGFVFTL
CASSTRSGETQYF,TRBV19,TRBJ2-5,InfluenzaA M GILGFVFTL
CASSYLAGEITDTQYF,TRBV6-6,TRBJ2-3,InfluenzaA M GILGFVFTL
CASSQVSQGDTGELFF,TRBV4-2,TRBJ2-2,InfluenzaA M GILGFVFTL
CASSILTGPRTEAFF,TRBV19,TRBJ1-1,InfluenzaA M GILGFVFTL
CASSVRSSYEQYF,TRBV19,TRBJ2-7,InfluenzaA M GILGFVFTL
CASSIGVWGYTF,TRBV19,TRBJ1-2,InfluenzaA M GILGFVFTL
CASSIGYYGYTF,TRBV19,TRBJ1-2,InfluenzaA M GILGFVFTL
CASSIGTYGYTF,TRBV19,TRBJ1-2,InfluenzaA M GILGFVFTL
CASSIYSGQPQHF,TRBV19,TRBJ1-5,InfluenzaA M GILGFVFTL
CASSGRATGELFF,TRBV19,TRBJ2-2,InfluenzaA M GILGFVFTL
CASSIRSAYEQFF,TRBV19,TRBJ2-1,InfluenzaA M GILGFVFTL
CASSYYSRQPQHF,TRBV19,TRBJ1-5,InfluenzaA M GILGFVFTL
CASSSQSNQPQHF,TRBV25-1,TRBJ1-5,InfluenzaA M GILGFVFTL
CASSIRASYEQYF,TRBV19,TRBJ2-7,InfluenzaA M GILGFVFTL
CASSVRSSYEQYF,TRBV19,TRBJ2-7,InfluenzaA M GILGFVFTL
CASSQLGGISNQPQHF,TRBV12-3,TRBJ1-5,InfluenzaA M GILGFVFTL
CATSDGLAGGWANVLTF,TRBV24-1,TRBJ2-6,InfluenzaA M GILGFVFTL
CASSSRSTDTQYF,TRBV19,TRBJ2-3,InfluenzaA M GILGFVFTL
CASSIRSSYEQYF,TRBV19,TRBJ2-7,InfluenzaA M GILGFVFTL
CASSYLYRIGQLEAFF,TRBV6-5,TRBJ1-1,InfluenzaA M GILGFVFTL
CASSIRAGETQYF,TRBV19,TRBJ2-5,InfluenzaA M GILGFVFTL
CAVLVDPYNEQFF,TRBV4-1,TRBJ2-1,InfluenzaA M GILGFVFTL
CASSMRSAGELFF,TRBV19,TRBJ2-2,InfluenzaA M GILGFVFTL
CASSGRAAGELFF,TRBV19,TRBJ2-2,InfluenzaA M GILGFVFTL
CASSMFGGQPQHF,TRBV19,TRBJ1-5,InfluenzaA M GILGFVFTL
CASSTRSSYEQYF,TRBV19,TRBJ2-7,InfluenzaA M GILGFVFTL
CASSPVGIGEAFF,TRBV18,TRBJ1-1,InfluenzaA M GILGFVFTL
CASSIRSSYEQYF,TRBV19,TRBJ2-7,InfluenzaA M GILGFVFTL
CASSSRSSYEQYF,TRBV19,TRBJ2-7,InfluenzaA M GILGFVFTL
CASSIRSAYEQYF,TRBV19,TRBJ2-7,InfluenzaA M GILGFVFTL
CASSLRSTDTQYF,TRBV19,TRBJ2-3,InfluenzaA M GILGFVFTL
CASSQGDVAPGTQYF,TRBV2,TRBJ2-5,EBV BMLF1 GLCTLVAML
CSVPIAVQETQYF,TRBV29-1,TRBJ2-5,EBV BMLF1 GLCTLVAML
CASSAGQVSPGELFF,TRBV2,TRBJ2-2,EBV BMLF1 GLCTLVAML
CASSVAGGDEQFF,TRBV9,TRBJ2-1,EBV BMLF1 GLCTLVAML
CSARDRTGNGYTF,TRBV20-1,TRBJ1-2,EBV BMLF1 GLCTLVAML
CASSQRPGGQQFF,TRBV14,TRBJ2-1,EBV BMLF1 GLCTLVAML
CASSRLGDYTF,TRBV4-1,TRBJ1-2,EBV BMLF1 GLCTLVAML
CASSPGQLSNTGELFF,TRBV9,TRBJ2-2,EBV BMLF1 GLCTLVAML
CASSFGTFETQYF,TRBV27,TRBJ2-5,EBV BMLF1 GLCTLVAML
CSVGTQGTNEKLFF,TRBV29-1,TRBJ1-4,EBV BMLF1 GLCTLVAML
CSVPITVQETQYF,TRBV29-1,TRBJ2-5,EBV BMLF1 GLCTLVAML
CSVGSSGTNEKLFF,TRBV29-1,TRBJ1-4,EBV BMLF1 GLCTLVAML
CSARSQVGNTIYF,TRBV20-1,TRBJ1-3,EBV BMLF1 GLCTLVAML
CSVGAIMDEQFF,TRBV29-1,TRBJ2-1,EBV BMLF1 GLCTLVAML
CSAWDREVVGTEAFF,TRBV20-1,TRBJ1-1,EBV BMLF1 GLCTLVAML
CSARDGTGNGYTF,TRBV20-1,TRBJ1-2,EBV BMLF1 GLCTLVAML
CASSLTTEQQFF,TRBV4-1,TRBJ2-1,EBV BMLF1 GLCTLVAML
CASSAPDKAPNEQYF,TRBV2,TRBJ2-7,EBV BMLF1 GLCTLVAML
CASSQAGLAAYNEQFF,TRBV4-2,TRBJ2-1,EBV BMLF1 GLCTLVAML
CASSTGTVSNTGELFF,TRBV9,TRBJ2-2,EBV BMLF1 GLCTLVAML
CASSPQGVSPGTIYF,TRBV2,TRBJ1-3,EBV BMLF1 GLCTLVAML
CASSQSPGGEQYF,TRBV14,TRBJ2-7,EBV BMLF1 GLCTLVAML
CASSVVGNEQFF,TRBV9,TRBJ2-1,EBV BMLF1 GLCTLVAML
CSARDQTGNGYTF,TRBV20-1,TRBJ1-2,EBV BMLF1 GLCTLVAML
CSARDATGNGYTF,TRBV20-1,TRBJ1-2,EBV BMLF1 GLCTLVAML
CASSGGRVAPGELFF,TRBV2,TRBJ2-2,EBV BMLF1 GLCTLVAML
CSARVRPTGNTIYF,TRBV20-1,TRBJ1-3,EBV BMLF1 GLCTLVAML
CSVEAVGDGIYNEQFF,TRBV29-1,TRBJ2-1,EBV BMLF1 GLCTLVAML
CASSQSPGGQQFF,TRBV14,TRBJ2-1,EBV BMLF1 GLCTLVAML
CSARDRGIGNTIYF,TRBV20-1,TRBJ1-3,EBV BMLF1 GLCTLVAML
CSGEWDQNIQYF,TRBV20-1,TRBJ2-4,EBV BMLF1 GLCTLVAML
CSARDQTGNTIYF,TRBV20-1,TRBJ1-3,EBV BMLF1 GLCTLVAML
CASSVAQLAGGTDTQYF,TRBV9,TRBJ2-3,EBV BMLF1 GLCTLVAML
CSARDRVGNGHTF,TRBV20-1,TRBJ1-2,EBV BMLF1 GLCTLVAML
CSARDRTGNGYTF,TRBV20-1,TRBJ1-2,EBV BMLF1 GLCTLVAML
CASSGGAVAPSEQFF,TRBV2,TRBJ2-1,EBV BMLF1 GLCTLVAML
CSVAWVDDTQYF,TRBV29-1,TRBJ2-3,EBV BMLF1 GLCTLVAML
CASSVGTLYSGANVLTF,TRBV9,TRBJ2-6,CMV pp65 NLVPMVATV
CASSLNSGLYNEQFF,TRBV5-6,TRBJ2-1,CMV pp65 NLVPMVATV
CASSPFSGAPYEQYF,TRBV27,TRBJ2-7,CMV pp65 NLVPMVATV
CASTLWSATNEKLFF,TRBV28,TRBJ1-4,CMV pp65 NLVPMVATV
CASSYSWTGSNYGYTF,TRBV6-3,TRBJ1-2,CMV pp65 NLVPMVATV
CASSLDRVTGELFF,TRBV27,TRBJ2-2,CMV pp65 NLVPMVATV
CASSFTLGTGGVEQYF,TRBV27,TRBJ2-7,CMV pp65 NLVPMVATV
CASSLFAGAETQYF,TRBV27,TRBJ2-5,CMV pp65 NLVPMVATV
CSARDGLTGHYEQYF,TRBV20-1,TRBJ2-7,CMV pp65 NLVPMVATV
CASSQVAGGAGGPREYNEQFF,TRBV4-3,TRBJ2-1,CMV pp65 NLVPMVATV
CASSPITGTGIYGYTF,TRBV6-5,TRBJ1-2,CMV pp65 NLVPMVATV
CASSRDRTGRANYGYTF,TRBV7-7,TRBJ1-2,CMV pp65 NLVPMVATV
CAISVSGTRVYNEQFF,TRBV10-3,TRBJ2-1,CMV pp65 NLVPMVATV
CASSVTPSSYNEQFF,TRBV6-4,TRBJ2-1,CMV pp65 NLVPMVATV
CASSWKTGTGGTGYTF,TRBV6-5,TRBJ1-2,CMV pp65 NLVPMVATV
CASSLAPGTTNEKLFF,TRBV7-6,TRBJ1-4,CMV pp65 NLVPMVATV
CASSSAYYGYTF,TRBV12-4,TRBJ1-2,CMV pp65 NLVPMVATV
CASSSRTGDQETQYF,TRBV5-4,TRBJ2-5,CMV pp65 NLVPMVATV
CAIDRVGTGELFF,TRBV30,TRBJ2-2,CMV pp65 NLVPMVATV
CASSYQTGTGTYGYTF,TRBV6-5,TRBJ1-2,CMV pp65 NLVPMVATV
CASSRGQGPGQETQYF,TRBV4-1,TRBJ2-5,CMV pp65 NLVPMVATV
CASSSQGWGRVYSEQFF,TRBV5-6,TRBJ2-1,CMV pp65 NLVPMVATV
CASSVTGTEADEQFF,TRBV5-1,TRBJ2-1,CMV pp65 NLVPMVATV
CASSDSRANTGELFF,TRBV25-1,TRBJ2-2,CMV pp65 NLVPMVATV
CASSPLRGVYYNEQFF,TRBV9,TRBJ2-1,CMV pp65 NLVPMVATV
CAAGTRTDTQYF,TRBV2,TRBJ2-3,CMV pp65 NLVPMVATV
CASSGHYEQYF,TRBV14,TRBJ2-7,CMV pp65 NLVPMVATV
CASSLAQQGLAEAFF,TRBV7-6,TRBJ1-1,CMV pp65 NLVPMVATV
CSAKVEGYEQYF,TRBV20-1,TRBJ2-7,CMV pp65 NLVPMVATV
CASSETGFGNQPQHF,TRBV25-1,TRBJ1-5,CMV pp65 NLVPMVATV
CASSSVNEQYF,TRBV12-4,TRBJ2-7,CMV pp65 NLVPMVATV
CASSQQTGTIGGYTF,TRBV6-5,TRBJ1-2,CMV pp65 NLVPMVATV
CASSFVSFDEQFF,TRBV28,TRBJ2-1,CMV pp65 NLVPMVATV
CSAFDREGVDGYTF,TRBV20-1,TRBJ1-2,CMV pp65 NLVPMVATV
CASSLGGTGWTEAFF,TRBV27,TRBJ1-1,CMV pp65 NLVPMVATV
CASSLQGASGYTF,TRBV6-5,TRBJ1-2,CMV pp65 NLVPMVATV
CSVEGDTGELFF,TRBV29-1,TRBJ2-2,CMV pp65 NLVPMVATV
CASSLESWGRAYNEQFF,TRBV5-6,TRBJ2-1,CMV pp65 NLVPMVATV
CASSSGTSGSGSYNEQFF,TRBV5-4,TRBJ2-1,CMV pp65 NLVPMVATV
CASSIDAGSNYEQYF,TRBV19,TRBJ2-7,CMV pp65 NLVPMVATV
CASSPGTFRYTF,TRBV12-4,TRBJ1-2,CMV pp65 NLVPMVATV
CASSLETVNTEAFF,TRBV7-6,TRBJ1-1,CMV pp65 NLVPMVATV
CASSLASPGHFTGELFF,TRBV7-6,TRBJ2-2,CMV pp65 NLVPMVATV
CASSPPGLPGYTF,TRBV18,TRBJ1-2,CMV pp65 NLVPMVATV
CASSQAPSMEPNEQFF,TRBV4-1,TRBJ2-1,CMV pp65 NLVPMVATV
CASASANYGYTF,TRBV12-4,TRBJ1-2,CMV pp65 NLVPMVATV
CASSIVNEAFF,TRBV12-4,TRBJ1-1,CMV pp65 NLVPMVATV
CASSFSGGALYNEQFF,TRBV27,TRBJ2-1,CMV pp65 NLVPMVATV
CASSTGSYGYTF,TRBV19,TRBJ1-2,CMV pp65 NLVPMVATV
CASSYNEQFF,TRBV12-4,TRBJ2-1,CMV pp65 NLVPMVATV
CASRRPGGDTEAFF,TRBV27,TRBJ1-1,CMV pp65 NLVPMVATV
CASSLEGYTEAFF,TRBV11-2,TRBJ1-1,CMV pp65 NLVPMVATV
CASSVEGTSGRSYNEQFF,TRBV9,TRBJ2-1,CMV pp65 NLVPMVATV
CASSAGGGSYNEQFF,TRBV4-1,TRBJ2-1,CMV pp65 NLVPMVATV
CASTGGGALGTEAFF,TRBV14,TRBJ1-1,CMV pp65 NLVPMVATV
CASSQDPFAVLNTEAFF,TRBV14,TRBJ1-1,CMV pp65 NLVPMVATV
CASSEDSGGYNEQFF,TRBV6-1,TRBJ2-1,CMV pp65 NLVPMVATV
CASSSAFYGYTF,TRBV11-1,TRBJ1-2,CMV pp65 NLVPMVATV
CASSLEGFTEAFF,TRBV27,TRBJ1-1,CMV pp65 NLVPMVATV
CAWSISDLAKNIQYF,TRBV30,TRBJ2-4,CMV pp65 NLVPMVATV
CASSVDVAGGYNEQFF,TRBV7-3,TRBJ2-1,CMV pp65 NLVPMVATV
CASSSVTEAFF,TRBV12-4,TRBJ1-1,CMV pp65 NLVPMVATV
CASSFDPGSYGYTF,TRBV27,TRBJ1-2,CMV pp65 NLVPMVATV
CSARLPRDYSNQPQHF,TRBV20-1,TRBJ1-5,CMV pp65 NLVPMVATV
CSADPGQGLGYGYTF,TRBV20-1,TRBJ1-2,CMV pp65 NLVPMVATV
CSVEYRDNEQFF,TRBV29-1,TRBJ2-1,CMV pp65 NLVPMVATV
CASSFQGYTEAFF,TRBV11-1,TRBJ1-1,CMV pp65 NLVPMVATV
CATSRPTVGSRLRDGYTF,TRBV15,TRBJ1-2,CMV pp65 NLVPMVATV
CASSITLGTGGVEQYF,TRBV27,TRBJ2-7,CMV pp65 NLVPMVATV
CASSLIGEGTGWHQYF,TRBV7-9,TRBJ2-7,CMV pp65 TPRVTGGGAM
CASSSRDLGEYEQYF,TRBV7-9,TRBJ2-7,CMV pp65 TPRVTGGGAM
CASTITGRGVDEQYF,TRBV7-9,TRBJ2-7,CMV pp65 TPRVTGGGAM
CASSLGPAHYEQYF,TRBV27,TRBJ2-7,CMV pp65 TPRVTGGGAM
CASSSRQGFTTGELFF,TRBV7-9,TRBJ2-2,CMV pp65 TPRVTGGGAM
CASSTRDRGSYEQYF,TRBV7-9,TRBJ2-7,CMV pp65 TPRVTGGGAM
CASSLREGPYPETQYF,TRBV7-9,TRBJ2-5,CMV pp65 TPRVTGGGAM
CASRLGPGGPPDTQYF,TRBV27,TRBJ2-3,CMV pp65 TPRVTGGGAM
CASSKPGTGLSGGGYTF,TRBV19,TRBJ1-2,CMV pp65 TPRVTGGGAM
CASSSHDRHGIGSPLHF,TRBV7-9,TRBJ1-6,CMV pp65 TPRVTGGGAM
CASSNRDRGAYEQYF,TRBV7-9,TRBJ2-7,CMV pp65 TPRVTGGGAM
CASSLGGEPGELFF,TRBV27,TRBJ2-2,CMV pp65 TPRVTGGGAM
